unit_id,array_id,region,mean_SNR,mean_latency,mean_reliability,oracle_correlation
0,0,V1,3.4242782177463527,18.75,0.20957447675663812,0.4289467356101793
1,0,V1,3.726187453269527,19.5,0.22384985732079615,0.4332272233657785
2,0,V1,5.88756901026006,18.75,0.5755674048807872,0.7493902244876413
3,0,V1,4.877667118772928,17.75,0.39873959635057177,0.616068880628689
4,0,V1,4.155510172192846,16.25,0.20487634460765008,0.4194308111131872
5,0,V1,7.196354265955727,18.25,0.4323086712932009,0.6433156886701809
6,0,V1,9.926646751720233,17.75,0.6808837610766009,0.8185790293566249
7,0,V1,9.679012439553999,21.0,0.5487248229206002,0.7301337479696496
8,0,V1,2.2996791590901116,18.25,0.212066110103794,0.4279255794518711
9,0,V1,7.139625042557002,18.0,0.40684620307244185,0.6170688864219792
10,0,V1,4.823549006828275,17.0,0.3567718355097332,0.5797194455961875
11,0,V1,6.827164109868944,17.25,0.3521012127419648,0.5749970817396312
12,0,V1,4.644389019795861,16.5,0.19739935444783083,0.4134135847196835
13,0,V1,6.6147298177271985,17.25,0.3481046160803122,0.5649260328215138
14,0,V1,6.071732428711384,19.0,0.3774717422163579,0.5850082498720608
15,0,V1,3.4946882761475235,21.0,0.4594850059549776,0.6650720616882201
16,0,V1,4.514654716662049,19.0,0.365379734772155,0.5842267464747912
17,0,V1,2.7479522082605925,17.5,0.22291282089605713,0.4435622474279221
18,0,V1,4.345405061042841,17.0,0.21908394467175776,0.43419480652789666
19,0,V1,6.319720595486474,17.5,0.33556572467974294,0.5607378377747079
20,0,V1,5.5711558760486,15.75,0.27977678721475485,0.505209645148889
21,0,V1,7.653574539863688,18.5,0.5101171839927682,0.6992589004850086
22,0,V1,6.56929624995944,18.25,0.3965454280490191,0.6036339324803438
23,0,V1,5.22298595919191,22.75,0.5355208748892792,0.720418029079419
24,0,V1,4.625155720799004,19.0,0.36368360812812217,0.5831512143595534
25,0,V1,3.2869800657107056,16.75,0.2329237309436658,0.4584997501446184
26,0,V1,7.424841842416091,17.5,0.47499332684577333,0.6768310335421758
27,0,V1,6.763914273253231,16.0,0.48244768522586884,0.6814957035172284
28,0,V1,5.2165288872644995,15.5,0.2774066046069274,0.49117219868776324
29,0,V1,10.84433040716562,20.5,0.7448151369330388,0.8578463771324778
30,0,V1,9.524659230202438,22.25,0.7383410406243557,0.8539260920193266
31,0,V1,5.569919944453741,21.0,0.543396588817006,0.726398286133268
32,0,V1,5.049301019448498,19.0,0.4392572324389582,0.6487850783197984
33,0,V1,4.357026971024285,14.75,0.28890174198804036,0.5158242618215819
34,0,V1,5.309040995157908,17.0,0.3074070017067813,0.5345591314210723
35,0,V1,7.41521992724053,15.5,0.40164687182516384,0.6177110431533296
36,0,V1,6.238519163764933,18.0,0.5547754986466826,0.733529249058946
37,0,V1,7.622250228059574,19.5,0.4355786392185792,0.6468189186661928
38,0,V1,11.341132075445508,22.0,0.678049095637015,0.8166505632502947
39,0,V1,7.657802771167232,22.0,0.7583241654743761,0.8660292182224879
40,0,V1,5.636538729416953,19.0,0.5804611339780132,0.7525956992978904
41,0,V1,7.4578575445576325,15.75,0.46173636530082146,0.6666873813777696
42,0,V1,7.2396213371421005,16.75,0.45375192463439595,0.6600147058680973
43,0,V1,7.325362951852876,18.25,0.5519581900721796,0.7310032859584961
44,0,V1,9.09927496995596,19.75,0.7808161322930752,0.8793462514108036
45,0,V1,9.014601461478344,19.25,0.7388987641663891,0.8544511494742297
46,0,V1,10.106406028894817,20.25,0.5274546582573764,0.7128016988595612
47,0,V1,8.203753032804702,21.75,0.5880090765100292,0.7576832654109152
48,0,V1,4.540511418862243,18.75,0.3880004763988131,0.6078323712671442
49,0,V1,7.241132254043707,17.0,0.5297110882691098,0.7175860216208315
50,0,V1,6.993664041594996,17.0,0.4450712866853697,0.6536290826925946
51,0,V1,6.417913457669843,16.0,0.5179648139160555,0.7082336352072939
52,0,V1,6.78039838206055,18.0,0.6117068636003328,0.773731300715349
53,0,V1,8.428234528991922,19.75,0.3991157492984467,0.6098363489677855
54,0,V1,10.108463391853348,24.0,0.5701334357171571,0.7438653909833369
55,0,V1,10.835950540473073,23.5,0.5642198525456757,0.7405013391201826
56,0,V1,6.879980082068707,19.5,0.6279164573583859,0.7845222485223196
57,0,V1,3.9176783955405017,17.0,0.29829902295240385,0.5206036094059416
58,0,V1,6.342108789385069,17.25,0.32190076783461086,0.5446575288065514
59,0,V1,6.739780847908817,16.5,0.3734726503404432,0.592402520937407
60,0,V1,9.22045225230214,19.5,0.5590484056277372,0.738142275426169
61,0,V1,3.914726948078979,17.75,0.3711028702531492,0.5893364418183353
62,0,V1,11.817224743010462,24.75,0.4651495240485096,0.6687640117977287
63,0,V1,7.168004517555362,21.0,0.46415127032388237,0.6666506736248766
64,1,V1,5.02691457553136,22.0,0.5683241067256217,0.7422813624798841
65,1,V1,1.0195371031709168,22.5,0.061469032405549254,0.20098419596381428
66,1,V1,7.706529550114027,25.0,0.6806982564740083,0.8186531848681824
67,1,V1,6.084541966704974,28.5,0.5919863616485794,0.7605784472721456
68,1,V1,14.428464780775396,29.0,0.75259944356226,0.8628113460783007
69,1,V1,9.310753953401411,23.25,0.7637251243560513,0.8693293603080812
70,1,V1,3.4018703342872074,21.25,0.2880367923352586,0.5170532291998174
71,1,V1,3.774234649586395,19.5,0.3619773362193544,0.5858288283093328
72,1,V1,4.5302187294925425,25.25,0.6569527052647708,0.8035177079294016
73,1,V1,8.076092069147569,27.5,0.719795347314333,0.8428818331273011
74,1,V1,13.93523782087989,28.5,0.7653207731260044,0.8702333961201189
75,1,V1,15.081404047622648,28.5,0.7701662625063616,0.8731090880952218
76,1,V1,18.618301503068547,34.0,0.7567752718495505,0.8650759070514108
77,1,V1,8.262265885585268,23.25,0.7080473268967139,0.8355963783186219
78,1,V1,3.628314158650817,21.0,0.2878362322722439,0.5132072157865546
79,1,V1,4.886363890064992,20.75,0.5149117479006105,0.7062864406801572
80,1,V1,5.349453465456467,26.5,0.6556410265154475,0.8024996832703822
81,1,V1,7.210252089583366,23.25,0.6857420738402822,0.8216530188531214
82,1,V1,9.506226378181418,26.75,0.7535786203045612,0.8632707851438182
83,1,V1,13.486176706106688,30.0,0.7910677969858163,0.8854698013757691
84,1,V1,8.236854455154445,26.0,0.7107378030306801,0.8374338643391026
85,1,V1,4.056391539627181,22.0,0.4147489626823023,0.6290034083909245
86,1,V1,3.1752182731302026,18.75,0.4542074652532662,0.6607708508113196
87,1,V1,3.167164040693498,18.25,0.3445151357253233,0.5676551655345758
88,1,V1,5.483796910812585,26.0,0.6295837871250892,0.7855956525776389
89,1,V1,8.728619646467921,25.25,0.7620378553869899,0.8682965331956539
90,1,V1,10.518493216839754,23.0,0.8086442450784924,0.8956174747184558
91,1,V1,9.630796994292794,29.75,0.781026693488602,0.879518071353142
92,1,V1,4.992025309295431,22.25,0.5676851563701263,0.7437744738546798
93,1,V1,3.349104899898342,19.75,0.4667223339074062,0.670249062709746
94,1,V1,3.300032608808752,17.25,0.5229712231029963,0.7119698914461143
95,1,V1,3.6437016114282827,18.25,0.45183487835175784,0.658885220625134
96,1,V1,5.545530191639957,28.5,0.5499389200809262,0.7302909526087071
97,1,V1,6.832703198806442,28.0,0.781350636226656,0.8797353983979469
98,1,V1,7.0680931702070895,24.25,0.6596089540154065,0.8050828675141515
99,1,V1,6.447307828713986,21.25,0.5927727493771471,0.7610947961001641
100,1,V1,3.1819349398062338,20.25,0.36793791311474183,0.5755752365460738
101,1,V1,2.0957758318153767,19.5,0.13752510459770984,0.337156153999718
102,1,V1,2.501802316950097,19.75,0.23043750319134965,0.45590086808529695
103,1,V1,0.9771283169054802,20.75,0.04916554312749009,0.17264151101651948
104,1,V1,10.224199419494235,23.25,0.7138865679033605,0.8391334379856282
105,1,V1,6.5064568278823405,21.75,0.6694073305846057,0.8114807511345207
106,1,V1,5.38028434197213,22.0,0.5956366722478785,0.7606332321028072
107,1,V1,3.9347891176717975,19.25,0.44943416571786876,0.656767158850494
108,1,V1,2.960401851831245,18.5,0.2560211320701968,0.48252743999712316
109,1,V1,1.930645305135315,19.0,0.12638338550772527,0.31982115428221913
110,1,V1,1.2212512557458226,20.25,0.028138304807089978,0.11167171879572692
111,1,V1,0.5461748467382258,28.75,0.03497681364347833,0.13277492439897126
112,1,V1,6.0471187040415675,23.5,0.5045128434921011,0.7004292301910879
113,1,V1,3.198479269696519,21.0,0.34512232958669425,0.5679197113574953
114,1,V1,3.3331030741136183,19.75,0.4192680042409911,0.6310496431207804
115,1,V1,3.374465956074298,19.0,0.27890238552691193,0.5057384823816616
116,1,V1,1.7197511577539775,21.25,0.09100595072348225,0.2640346391192521
117,1,V1,0.5042907035500653,32.0,0.018378882570606662,0.07802550282878527
118,1,V1,0.31462249886917626,25.5,0.0005531360109220031,-0.006439406215068755
119,1,V1,-0.007211532998509011,40.75,0.013670068755505336,0.0618213271837543
120,1,V1,5.105967864493297,24.0,0.6069288964370202,0.7707395473036418
121,1,V1,2.5487441754988094,22.0,0.25972719825072715,0.485420191538834
122,1,V1,4.179260433248177,20.25,0.3375784106062317,0.5631400877393459
123,1,V1,1.9289132546575227,20.25,0.09281202489809949,0.2613459602915104
124,1,V1,1.0483763427640227,27.0,0.024512622176482635,0.1018816258127886
125,1,V1,0.9059206701402265,22.25,0.023871731659465573,0.09952534346869128
126,1,V1,0.18189674123390395,39.5,0.020342006308338073,0.09093197737377462
127,1,V1,0.05173577204137987,30.0,0.03279378685304303,0.12860077286129376
128,2,V1,2.2672007465896535,25.25,0.24566365936755394,0.47193060403530096
129,2,V1,2.3301924516477643,30.0,0.30084106806469607,0.5275755576714941
130,2,V1,2.2575695416871606,30.0,0.25707535526879666,0.4851288165436316
131,2,V1,2.332984093245841,40.75,0.2562771011619561,0.483392326030552
132,2,V1,2.4763180996086787,49.75,0.19224659249668208,0.40889467675665886
133,2,V1,3.0274054528848096,41.5,0.283085397764589,0.5106125198926244
134,2,V1,1.0142523900529816,26.5,0.03413468708849159,0.13407167768589326
135,2,V1,1.412877424500697,28.0,0.03150936902516956,0.12574896869764404
136,2,V1,2.223659900801227,24.0,0.21226489542429802,0.42653310228586366
137,2,V1,3.512648909316386,28.75,0.5434016348522948,0.7268943640058382
138,2,V1,1.47630770813189,32.5,0.17830123155126634,0.390463553250251
139,2,V1,2.01384721041729,41.25,0.2780525675528834,0.5062536807422632
140,2,V1,1.8766129515089554,39.5,0.13639358670461355,0.3366242456546777
141,2,V1,3.53241318288538,48.75,0.1847814257976951,0.4010196923030916
142,2,V1,2.2589770034518666,46.0,0.07844845039008824,0.23726984414966668
143,2,V1,1.2459362044666356,27.0,0.06748373206773262,0.2157250444865853
144,2,V1,3.363660656969122,19.5,0.6471677386115029,0.7970827387433851
145,2,V1,4.2538826044407685,27.25,0.6087093290665267,0.7717756344403701
146,2,V1,2.9944630385311646,27.75,0.43579384210862115,0.6463285035839467
147,2,V1,3.3200849311550584,30.75,0.4253576154315565,0.637711939078062
148,2,V1,3.75601864100073,32.5,0.3739052631030048,0.5948141987603844
149,2,V1,2.813679367300234,50.25,0.0990475068281911,0.2765843075911634
150,2,V1,3.062495208724601,46.25,0.10700144734033684,0.2878070141804875
151,2,V1,3.071016273665604,100.25,0.08033692791070392,0.23984685397797892
152,2,V1,3.8574567100664714,23.25,0.6406921079412176,0.7928191787056741
153,2,V1,3.5740941446206502,28.0,0.5948761024672292,0.7627394519221925
154,2,V1,1.7978542870591823,27.0,0.1354314559620989,0.3441575532911821
155,2,V1,0.529082139621276,25.75,0.028574904869884222,0.11517884740297121
156,2,V1,2.3680354308938605,25.25,0.24537069532835865,0.47142492765827904
157,2,V1,3.924616232686563,48.0,0.3119302128800598,0.5386520133445563
158,2,V1,1.5678209319370846,23.75,0.06374392960837251,0.2072464614612922
159,2,V1,2.203798716094571,29.25,0.1883668839905742,0.4053158233487089
160,2,V1,4.470798112672382,23.75,0.6509931894510611,0.7995951707273682
161,2,V1,1.3806654206961908,24.25,0.23156052019328527,0.4543975965821392
162,2,V1,2.3283378432407824,27.25,0.291220980008661,0.519046959743407
163,2,V1,2.5879970713786724,27.75,0.37306460472850744,0.5949895737380355
164,2,V1,2.126857611005909,24.5,0.2449118171522491,0.4709193123535119
165,2,V1,1.4907857958313302,35.0,0.131241154713396,0.3290314735537309
166,2,V1,1.3292149262941928,23.25,0.0981578276873321,0.274609859666711
167,2,V1,1.084631409052046,24.0,0.12256312374706459,0.3141980285636832
168,2,V1,0.2855266170667053,26.0,0.012579479278788282,0.06145565941254399
169,2,V1,1.2044613666094706,43.25,0.037882803171992246,0.16755904455534498
170,2,V1,2.2358410081667603,25.5,0.16628912913409657,0.3829631739153212
171,2,V1,0.6199614702185908,52.25,0.009846187319777218,0.05141727428088202
172,2,V1,1.3352022229502212,30.75,0.1317579041461763,0.2906754167532772
173,2,V1,0.8970514749515572,40.25,0.051532954478821336,0.1952690076540264
174,2,V1,1.9335789223171986,29.5,0.3182695815432705,0.5449064447561798
175,2,V1,2.658797930392215,39.25,0.3896213260889834,0.6086348198020706
176,2,V1,3.860346157020488,26.25,0.504385960545516,0.6992544654013989
177,2,V1,4.3031336750202875,26.0,0.5908524577975623,0.7597037419332654
178,2,V1,2.9039630492079853,23.5,0.5201739471488706,0.7103212114698082
179,2,V1,3.6712135587516834,29.5,0.5271632081439869,0.7151729979433915
180,2,V1,3.302334624283967,33.5,0.4495186426779975,0.6569102757717095
181,2,V1,2.980315616697316,33.0,0.5117546790186626,0.7040706689793612
182,2,V1,2.7523255880147177,30.5,0.46634052032661727,0.6701242162328068
183,2,V1,2.238259587415308,34.0,0.5908006613958036,0.759760551122622
184,2,V1,2.3461611847502293,24.25,0.2662860085497302,0.49386253805126035
185,2,V1,2.8904605223911948,20.25,0.4676698871090585,0.6709508923753013
186,2,V1,4.669942127214051,28.0,0.6021244989970024,0.7672757970373285
187,2,V1,2.9920518793442032,33.0,0.4667998771146626,0.670356135887351
188,2,V1,1.236646595455807,32.75,0.09428686389670525,0.23983999368529846
189,2,V1,2.3291606538928695,30.75,0.3069727306606147,0.5415627765152231
190,2,V1,3.286257890320338,34.25,0.6452675707614872,0.7958189132852577
191,2,V1,2.572738968289753,31.75,0.5607798505777818,0.7460998330293064
192,3,V1,6.58618700965981,30.75,0.7671097848802173,0.8713651301644773
193,3,V1,8.71438650966221,28.25,0.8692722420648984,0.929934007662493
194,3,V1,5.29513821378208,28.25,0.7255955856907946,0.8465660666842455
195,3,V1,5.882321173412295,24.0,0.8280770538070625,0.9067298475780025
196,3,V1,3.176026244419062,29.25,0.33893460268440445,0.5591842171203779
197,3,V1,5.715479921809095,27.75,0.7523224706929582,0.862526499578553
198,3,V1,6.640981894395315,27.75,0.8175529864129616,0.9007523224722209
199,3,V1,1.9946378867769203,27.75,0.13903707167834944,0.33967106177577056
200,3,V1,4.577189480775367,25.25,0.8566587724436276,0.922950888491215
201,3,V1,11.89153037562799,28.25,0.8791185464823457,0.9352891833810447
202,3,V1,9.228839593757932,28.25,0.8656172984215376,0.9278869536922927
203,3,V1,6.229850083509338,29.5,0.636410949958785,0.7899200416338735
204,3,V1,5.236998608255756,27.25,0.5200686713277901,0.7103982835576967
205,3,V1,4.104347996579187,27.75,0.4257397115300311,0.6381900391139833
206,3,V1,5.176526031654493,26.0,0.5664587679719773,0.7436461906121532
207,3,V1,4.824269737529478,24.0,0.43746358632814997,0.6537081231699496
208,3,V1,6.353850183623213,29.25,0.8578166758310839,0.9235655545564884
209,3,V1,5.888962073770372,31.75,0.8189597597618433,0.9015023040691614
210,3,V1,7.687406076968265,29.25,0.7944482678473648,0.8874271891341551
211,3,V1,5.968635718942613,27.75,0.5613860874210113,0.7392224462171255
212,3,V1,4.07294527756623,28.5,0.5266143439580478,0.7145505157218562
213,3,V1,4.8347246975088325,27.75,0.5471159602814606,0.7306519108014993
214,3,V1,3.580828509691839,25.5,0.41983565680970564,0.6334749976597781
215,3,V1,4.6971621310383895,27.75,0.5381568543320487,0.7241127565225551
216,3,V1,4.774097909563418,37.25,0.8134626422977409,0.8983911058616117
217,3,V1,4.574259617890678,23.0,0.8223312544515116,0.903474133772899
218,3,V1,6.397048522288523,22.75,0.8603688011507051,0.9249682632731666
219,3,V1,4.330703590078825,30.5,0.4684000493696258,0.6717633706381273
220,3,V1,3.2238949216279176,30.25,0.2914415038289507,0.5176395938581374
221,3,V1,3.3579713957036508,29.0,0.3857700053237385,0.6073527094755526
222,3,V1,3.6930486965774847,29.5,0.3888419767582782,0.6057389255891222
223,3,V1,3.0517544018725427,25.5,0.36160607039626474,0.5836646046302308
224,3,V1,5.893067179201404,29.25,0.82859952985328,0.9070574636561626
225,3,V1,4.274284000368129,30.5,0.7625935676266498,0.8687198352090391
226,3,V1,2.8170022157065233,28.75,0.35423658816613646,0.5849246187723681
227,3,V1,4.1515646180996635,32.0,0.5946315764458251,0.7632590289878516
228,3,V1,3.494313953603143,29.75,0.5115922488152761,0.7046400753333643
229,3,V1,3.272299565057565,29.25,0.36152059701672357,0.5851954033554928
230,3,V1,3.046132444138043,28.5,0.35559025217604445,0.5779932058685889
231,3,V1,5.554252724741022,26.5,0.6786814587711604,0.8171954784752385
232,3,V1,4.395777722228291,25.25,0.8410062319052641,0.9141292969443892
233,3,V1,5.8338247882238115,26.25,0.804230568924203,0.8930187877712561
234,3,V1,4.984166084481129,28.75,0.6721935131193804,0.8138215214359753
235,3,V1,4.782861953939605,27.0,0.8030960673955408,0.8924113469214706
236,3,V1,4.569402276557966,29.75,0.5448947598026259,0.7281304425132972
237,3,V1,2.6821850209636526,30.0,0.32137568954596213,0.5504419949832251
238,3,V1,3.160213496188554,29.25,0.34912002777213,0.5720783359096079
239,3,V1,5.943239063112651,26.75,0.66206805209515,0.8065965624534975
240,3,V1,5.528784549542781,22.0,0.8042370172195974,0.8930615996414971
241,3,V1,4.516168476851757,25.25,0.8130132216835186,0.8981864624312514
242,3,V1,4.020729541490013,27.5,0.8481819156466147,0.9181102848456287
243,3,V1,5.313318976482659,27.5,0.7751766430393968,0.8760888115751772
244,3,V1,4.586397696861132,28.25,0.6471511860612434,0.7970511101148816
245,3,V1,3.7323478814132454,30.0,0.45927463433068805,0.6464191122848505
246,3,V1,5.452889503574081,28.25,0.7538491270340906,0.8634396131824081
247,3,V1,1.977135769499915,27.25,0.19029987761009276,0.40654883296905164
248,3,V1,3.7488666250720124,33.5,0.6377697426551422,0.7908932188004206
249,3,V1,7.191363286275102,22.0,0.6556770066944477,0.8025922981584783
250,3,V1,5.25687235860798,22.0,0.7519544650097125,0.8623703742530185
251,3,V1,5.536151168439544,22.75,0.8034412105205327,0.8926380891023789
252,3,V1,3.6059983090122727,24.5,0.2829979668589736,0.5110227294193429
253,3,V1,2.4174406382961084,27.25,0.2919142905592179,0.5220324156362
254,3,V1,5.408362259786259,28.0,0.6874534910389367,0.8229364874304154
255,3,V1,7.644962565638222,23.5,0.761874967453522,0.8682159460460575
256,4,V1,1.1612878575557168,83.25,0.10649992873439228,0.28632446103128545
257,4,V1,0.6524935839806927,28.25,0.038450994285458735,0.14495321783332532
258,4,V1,0.5293588442797912,37.5,0.0059016034493087335,0.028324490438958277
259,4,V1,0.8935561780906239,32.5,0.06323250736944287,0.20591616387776934
260,4,V1,0.93062062313104,53.75,0.08446654777619861,0.2484347059031745
261,4,V1,0.43073137483354634,30.75,0.024364141932542667,0.1003540967336071
262,4,V1,0.7463650390485504,60.0,0.025231291938936924,0.10536289108291025
263,4,V1,0.8610071275738569,23.25,0.08492881593243921,0.1768612168905782
264,4,V1,1.54987824819749,95.5,0.050484577391954076,0.17526214975618662
265,4,V1,1.472329840757947,95.5,0.13618833958969367,0.3352056387214176
266,4,V1,1.5132425275842516,112.25,0.051433703079760196,0.17512645969689303
267,4,V1,1.7200110016192016,102.75,0.14818878451499148,0.3489510750956974
268,4,V1,1.996505177766206,92.25,0.3370905536944789,0.561960751688894
269,4,V1,1.607801696888404,118.75,0.056120357859232355,0.18517134843543376
270,4,V1,1.491350773533214,100.75,0.045095685771224726,0.1597823533827584
271,4,V1,0.9932974050269596,48.75,0.22519525086866218,0.4484424265104724
272,4,V1,1.768885272404006,67.75,0.11331097899102824,0.29959003882994456
273,4,V1,1.6986538352504068,86.5,0.23145631149084878,0.4561600337835635
274,4,V1,1.8719948052523483,99.5,0.14626966068570782,0.34740100535743185
275,4,V1,2.1638096709095818,93.0,0.122680818157724,0.3147623492928308
276,4,V1,2.4458663888404013,46.5,0.658670383818416,0.8044678992009858
277,4,V1,1.9297833904816422,106.75,0.2394353651899623,0.46356042144592097
278,4,V1,1.4715913571753747,93.5,0.1787063481942822,0.3927584978760039
279,4,V1,3.8059215351231277,23.5,0.5684885301954632,0.7444111973228081
280,4,V1,1.0449464325617994,82.0,0.0937630639223506,0.2682065729684193
281,4,V1,1.2399456237076818,30.25,0.1169839475922305,0.30534906978918364
282,4,V1,1.7857065066293192,90.75,0.19214941076212752,0.4086696267542805
283,4,V1,2.0422849039717264,110.25,0.18267400112482737,0.39839156209840254
284,4,V1,2.4231460824008226,47.5,0.6607777032715465,0.8058307538929192
285,4,V1,2.0803132363788936,46.5,0.48428891364229026,0.6836515536840037
286,4,V1,1.218803419481824,46.25,0.3684854817005007,0.590149097343353
287,4,V1,3.8577732757477636,22.5,0.5683550513598783,0.7443166464290821
288,4,V1,0.9693671636794889,58.25,0.15114749763543026,0.3561601962359853
289,4,V1,2.100332933947101,71.75,0.395795324304498,0.6137486381806797
290,4,V1,1.7037847077620762,84.0,0.21611834678512956,0.43754804777783474
291,4,V1,2.1481137514078554,80.5,0.27647614052505787,0.5034751498306491
292,4,V1,2.5304984634144985,43.75,0.7527823197811021,0.8627893805636404
293,4,V1,2.2075625185655765,44.0,0.5548169802998301,0.7348854931405853
294,4,V1,1.8743906269814703,35.5,0.6213123136460196,0.7801315920640235
295,4,V1,2.9140918830528295,32.0,0.6978283111404845,0.8292444058225279
296,4,V1,1.6057068643258787,39.0,0.38755261986242984,0.608651941676541
297,4,V1,1.3068768436158864,45.75,0.37555667075990046,0.5908757078903867
298,4,V1,1.454311435706815,78.25,0.19692310996747803,0.4117261966919188
299,4,V1,3.3731935366333783,35.25,0.7801931834971619,0.8789952374237079
300,4,V1,2.55816297939817,39.5,0.7519981856465712,0.8623189030272389
301,4,V1,1.7664836936201016,36.5,0.6335244599081312,0.7879947984821359
302,4,V1,5.14047810667673,25.0,0.4845567089731589,0.6842613907314826
303,4,V1,1.9305573310213469,35.5,0.7696629024380871,0.8728528615812198
304,4,V1,2.1922971370042275,39.0,0.6629906823637111,0.8072893893059937
305,4,V1,2.1848902993366397,38.0,0.7074452323544671,0.8352209090236166
306,4,V1,3.892768023543421,37.0,0.7284718860933311,0.84806835967932
307,4,V1,3.6946921310315344,36.75,0.749769968610883,0.8609984261417125
308,4,V1,2.2290428823561603,32.75,0.788254522706879,0.8837918752206575
309,4,V1,4.024559862283821,27.75,0.804011453048075,0.892964952556529
310,4,V1,5.144541780085611,26.5,0.689862320732921,0.8242874713493538
311,4,V1,2.2636016277532494,32.5,0.6193705286288103,0.7788346842757711
312,4,V1,1.1295479044838932,28.75,0.18058595592697768,0.39606873895838113
313,4,V1,5.01729336197706,33.75,0.8170345488936066,0.900433555178142
314,4,V1,5.3885302292004695,34.25,0.787108576043811,0.8831747611492415
315,4,V1,2.621930612222291,32.5,0.5292538551098148,0.7153753541341613
316,4,V1,2.74459658013488,35.0,0.7847562002429826,0.8817625135347484
317,4,V1,2.520883114056723,34.75,0.7124193222430888,0.8382914725247143
318,4,V1,3.4158617521248433,31.0,0.7803044455161185,0.879119507017911
319,4,V1,1.9571680243091492,29.5,0.63874042496994,0.7916648708107084
320,5,V1,6.740003348305053,28.5,0.7445625443350881,0.8578672283328252
321,5,V1,3.2299761497786696,23.75,0.7192634606485744,0.842502723530917
322,5,V1,3.609672023615023,24.75,0.4190973609734609,0.6337128760091704
323,5,V1,2.6751297564963608,24.25,0.31990478432424935,0.5463732178930609
324,5,V1,1.734938192961946,23.25,0.16196744606874017,0.37153084872285036
325,5,V1,3.4181913064761185,27.75,0.36028354523368017,0.5825902166540858
326,5,V1,2.064983490121083,24.5,0.23463378230608084,0.460238854371693
327,5,V1,1.2459992016442416,25.75,0.07101313434545091,0.2207302381984751
328,5,V1,6.390352693145176,29.5,0.7562674843820373,0.8648908389624775
329,5,V1,5.605276963710405,25.5,0.6397899771963435,0.7900960157141874
330,5,V1,3.277867324632263,23.25,0.3918312128933134,0.6105607620294665
331,5,V1,2.630832378386671,24.0,0.39845393247398725,0.6178110558131789
332,5,V1,2.508682269004468,24.0,0.22764270487447616,0.4522166164033456
333,5,V1,1.9011757706725039,24.25,0.21800734298081645,0.4443711182174621
334,5,V1,1.7274629524471452,25.5,0.2326644192818843,0.4576791479497695
335,5,V1,1.5798952354262104,28.0,0.1829433240640456,0.3997555817166616
336,5,V1,4.4819846167255175,27.0,0.48508931958645857,0.6899082127144051
337,5,V1,3.5278925343019907,22.75,0.2386818131219233,0.47654490325685717
338,5,V1,3.296414629617442,24.75,0.6059702533239246,0.7703697060932625
339,5,V1,2.5289758059429874,23.5,0.3306477520342041,0.5559156560796871
340,5,V1,2.9287644306678216,24.0,0.4299326387699477,0.6418856258324638
341,5,V1,2.2493338254938973,25.25,0.32396140139322704,0.5512292404121985
342,5,V1,2.2311963183518597,25.5,0.34132751767801073,0.5661945477646168
343,5,V1,1.5380694124030825,26.5,0.1994190815802136,0.42384777247710165
344,5,V1,5.851134868584843,26.25,0.682134664592861,0.8192809346528682
345,5,V1,5.420075364213445,24.0,0.6488471085377341,0.7983237137862162
346,5,V1,2.801510803826415,23.25,0.352006990191123,0.5770287707930604
347,5,V1,2.3195686887771143,23.5,0.2616697835217011,0.4892120064130936
348,5,V1,2.092780965092934,23.75,0.25343731530013935,0.4800358803274762
349,5,V1,1.7108327144578244,24.75,0.1451265143930513,0.3464896054435881
350,5,V1,1.405688758774095,22.75,0.1798140055492744,0.39686620100223974
351,5,V1,1.7280136627442937,25.75,0.3248243184673056,0.5511470288184632
352,5,V1,4.731663461718185,25.0,0.3877775469426124,0.6156171039131773
353,5,V1,3.684187814780384,22.25,0.5029423843048964,0.697283674045598
354,5,V1,1.996394313413293,23.0,0.1623992973432838,0.3524831703964683
355,5,V1,1.7359372532651483,20.5,0.20390917233680594,0.38164343064244594
356,5,V1,3.103628116186871,21.0,0.4134545580251933,0.628027381275207
357,5,V1,2.6215149420093846,21.75,0.33247494167294245,0.5581479642580579
358,5,V1,1.7821116538806168,23.5,0.2066422043535983,0.4286592659298843
359,5,V1,1.3429463497893845,25.25,0.13323831951167167,0.3310758013863004
360,5,V1,6.004879194598594,26.0,0.6385895710429621,0.7910554901042842
361,5,V1,3.7617898365139855,21.75,0.5104776981065012,0.7032300226780751
362,5,V1,3.6631740782606004,21.25,0.4900137408717958,0.6882420391212524
363,5,V1,3.232827951924326,21.0,0.43342182086454634,0.6443784131924486
364,5,V1,3.215217650968495,21.0,0.4287336299800846,0.6404858358411516
365,5,V1,2.945861274956786,22.25,0.3573361076880754,0.580300865512734
366,5,V1,1.8370946264206807,23.0,0.315084601079676,0.544564091612075
367,5,V1,1.6843595614141904,21.5,0.15279048371267392,0.3585977909764748
368,5,V1,6.528231306402008,22.75,0.6769885416126706,0.8160685197707059
369,5,V1,4.01636207231288,21.75,0.6483884507022442,0.7978588610786365
370,5,V1,3.234834535480978,20.5,0.46240375980469645,0.6669802622333822
371,5,V1,3.1898957740630847,20.5,0.4459323681942339,0.6541981366981546
372,5,V1,2.376114352606535,20.25,0.2834762610347388,0.5151829407465808
373,5,V1,0.992693712016655,22.0,0.05920122645064324,0.198845372502456
374,5,V1,2.099412454578653,21.75,0.25577572082248623,0.4836343765634423
375,5,V1,2.3301066874673384,25.0,0.2373560603285681,0.46319295230971474
376,5,V1,4.484582371239604,22.25,0.6310077213068079,0.7864713517981946
377,5,V1,3.7372861152405843,21.0,0.5741281910099131,0.7484338007096063
378,5,V1,3.2041960652662445,21.5,0.5458309332699948,0.7288023510804496
379,5,V1,2.735515109204097,19.75,0.46864936295677195,0.6714598811279525
380,5,V1,2.927447481225861,21.5,0.42506113197148837,0.6375976084276705
381,5,V1,2.359385033578112,22.0,0.34148459307711715,0.5664795813693122
382,5,V1,1.724966775696508,24.5,0.34091276809814497,0.5654126651471846
383,5,V1,2.6887927673603533,27.5,0.5920445865091492,0.7602625540098117
384,6,V1,1.2251209020263536,35.5,0.6330841284824527,0.7878087661044528
385,6,V1,1.178725419653011,34.5,0.6282921277424995,0.7846955192791079
386,6,V1,1.3769057002235472,55.5,0.5509120391593257,0.7322233644412149
387,6,V1,1.4305271036391316,40.0,0.5164597225489361,0.7075265135841948
388,6,V1,0.8847198592306917,69.5,0.3811519318642116,0.6011961769264856
389,6,V1,1.1668762539865303,68.0,0.4099429389993004,0.6251182295601364
390,6,V1,1.2270047569792724,90.0,0.29302700853173225,0.5200423811040414
391,6,V1,0.40894669464429756,50.25,0.026941684358536444,0.1104453028056264
392,6,V1,1.5107598345095863,38.0,0.3758119954751523,0.5946138871516138
393,6,V1,1.5633886861560398,44.75,0.5604257976227641,0.7388100705133104
394,6,V1,1.2333991344524131,51.0,0.36680053230945636,0.5886068233742857
395,6,V1,1.2139443384717405,62.75,0.456000549518975,0.6619436014402822
396,6,V1,1.3698750196395524,59.75,0.5605638756726012,0.7390759106480717
397,6,V1,1.4773477685542165,65.75,0.42643142431895686,0.638185081608391
398,6,V1,1.1249409967561976,45.0,0.18544162567968017,0.40165497754297047
399,6,V1,0.6241817029762329,42.0,0.5371111486309674,0.7222024587198714
400,6,V1,1.198406152144603,39.25,0.4217618203146982,0.6347578847958215
401,6,V1,2.028217901053447,41.25,0.6195735668782284,0.7789808139937684
402,6,V1,2.465983406286582,38.5,0.7604853088194149,0.8674085922075468
403,6,V1,0.9945576810148917,47.75,0.2033703739629043,0.42397718514376825
404,6,V1,1.449761136212018,64.75,0.45016131517241237,0.6575987894374703
405,6,V1,2.296106244680928,37.0,0.6380504144526483,0.7911492565584848
406,6,V1,1.0814556792635064,51.5,0.39254577301356275,0.6104857940620944
407,6,V1,1.4829598717751467,84.0,0.40515282451092616,0.6212216594408634
408,6,V1,1.022944351650693,40.25,0.2275289830883502,0.45350567880898074
409,6,V1,2.0024358840913474,39.25,0.6536158892191025,0.8012715295160002
410,6,V1,1.0688298263521732,42.25,0.5041867433069744,0.6985718529857811
411,6,V1,1.052505273271159,69.5,0.1877767370795909,0.40470363086566685
412,6,V1,1.1549326721662123,52.75,0.3031096502904188,0.5290515918351876
413,6,V1,1.2208343206129846,57.5,0.37823138796243244,0.5991330517972213
414,6,V1,1.2506959344894422,58.5,0.31614306529041264,0.5422997311255788
415,6,V1,1.423338434234228,60.25,0.4318121046553045,0.6427235606176535
416,6,V1,0.6337968234010155,39.75,0.09645853310787034,0.27077919017300006
417,6,V1,1.2568435041448716,40.75,0.42119617831236206,0.6349554765535004
418,6,V1,1.2560211152806673,41.0,0.4199757733251386,0.6339056306916585
419,6,V1,0.9643488853864323,48.5,0.2646553470940485,0.49203753767484126
420,6,V1,1.2768305170141865,39.25,0.4474851770612893,0.6553914228701992
421,6,V1,1.3808270766731872,42.0,0.4137551108534117,0.6281208116424637
422,6,V1,1.299066236537842,49.5,0.4083072443064944,0.6240392238313233
423,6,V1,1.5033020871244882,44.5,0.46577716871036917,0.6695793627757397
424,6,V1,0.6200361886897503,32.75,0.04910958984685662,0.1722993411486367
425,6,V1,1.4047275239740247,37.5,0.5128353606159435,0.7048318710108432
426,6,V1,1.2759829060862542,37.5,0.3237613662025422,0.5511756450006494
427,6,V1,1.1434850828419747,44.5,0.3281043964224888,0.556235938410389
428,6,V1,1.4157500189365404,35.5,0.619911478084155,0.7792724916457251
429,6,V1,1.7022135971689722,39.5,0.44613500215884144,0.6542597120917433
430,6,V1,1.476867016389537,44.75,0.4611794496860479,0.6662100146199502
431,6,V1,1.2265093780605165,39.5,0.5420659220064135,0.7258431089272973
432,6,V1,0.8944954613840455,31.0,0.11169169435923389,0.2971348696137801
433,6,V1,1.1552857409560664,31.0,0.26159316013990724,0.48952621434377713
434,6,V1,1.0004002798561227,30.5,0.2584841182083973,0.4868912712424054
435,6,V1,1.6235539629469915,34.0,0.43106855312141223,0.64314011136345
436,6,V1,2.2436402555708748,35.5,0.6795048304382226,0.8178092319255369
437,6,V1,1.6826785296526383,38.0,0.5824502830626608,0.7545180799748828
438,6,V1,1.090167944109088,39.5,0.6055169407127363,0.7695787275094718
439,6,V1,0.6943539156179243,45.5,0.4864309299057324,0.6850716185266623
440,6,V1,2.0614387147985687,30.25,0.5834239962692481,0.754662195677111
441,6,V1,2.0930769809963117,30.5,0.6466006436540177,0.7967173115341188
442,6,V1,2.089605706520822,31.5,0.7245977341712406,0.8456881099365678
443,6,V1,2.1804327939726433,37.5,0.7840138358154489,0.8813032075799041
444,6,V1,2.0896575251561633,40.0,0.7440023723794846,0.8575983405100117
445,6,V1,1.6866648534273245,41.5,0.615365051771031,0.775757629517827
446,6,V1,0.9696579813188919,45.75,0.5938026552747849,0.7615448984744677
447,6,V1,0.6078530630718677,71.75,0.49554585919617183,0.6921908688024736
448,7,V1,1.5620196135574949,32.0,0.47022878389589295,0.6731470391235667
449,7,V1,2.7036628849835744,25.75,0.42726780483728255,0.63938172015046
450,7,V1,2.072614798926944,27.5,0.32267469499365575,0.5488298448789652
451,7,V1,0.9318025521847736,24.75,0.10355410054773607,0.2819672924350749
452,7,V1,1.21808429249167,25.75,0.16438175483558795,0.3741933680071315
453,7,V1,1.186759819248459,27.25,0.2670660987580045,0.49477886385501335
454,7,V1,0.6242565830882311,23.75,0.03723797339575298,0.12906823684685576
455,7,V1,0.4664159807985376,19.75,0.01657192380572202,0.07635238895287907
456,7,V1,1.256088583498581,27.0,0.18019759833267485,0.39657479473968965
457,7,V1,1.6762809692160048,26.75,0.2762850146483811,0.5029829224988435
458,7,V1,1.4908980864534764,26.5,0.2519661641125979,0.4802302475523562
459,7,V1,1.1859715705071072,25.75,0.10278662890856978,0.28271711118859744
460,7,V1,1.0486936425910192,26.25,0.10700945463459377,0.24214125025111627
461,7,V1,1.1458275225938213,26.5,0.1368875099490983,0.3360186642091106
462,7,V1,0.2874074821756909,33.25,0.003979265740601943,0.011649839772286119
463,7,V1,1.3173669118892215,27.25,0.18339946273092084,0.40079244708232836
464,7,V1,1.7051376634848214,27.25,0.24811552219250327,0.476196861031994
465,7,V1,2.5567728901058597,29.0,0.29347147206122304,0.5249178707914075
466,7,V1,2.91535943823002,29.0,0.3495517011376684,0.5742467341989793
467,7,V1,2.4585138672154248,26.25,0.32440743171340075,0.5502790280475722
468,7,V1,1.6410854714160794,29.25,0.3554704884559702,0.5784843232487293
469,7,V1,3.1524356014544326,27.25,0.46606559483741156,0.6685370204872996
470,7,V1,1.4081474145291821,29.0,0.16131061421381082,0.3694129134460972
471,7,V1,1.0700252391852927,29.5,0.13198779836313046,0.3300351981371229
472,7,V1,2.4117703917694673,26.25,0.45250065189691546,0.6595873813771207
473,7,V1,3.018948716090101,28.0,0.5179016252368948,0.7068167427802404
474,7,V1,2.414155160921525,29.75,0.3467343661356614,0.5726937619837825
475,7,V1,1.4121613890642692,30.75,0.20637212949134506,0.4268634175413991
476,7,V1,1.4171929908651628,31.0,0.39121287662762616,0.6094428292504729
477,7,V1,1.2346034911598573,29.25,0.09929257429830171,0.2745373199136611
478,7,V1,1.3221226770311318,33.75,0.1906494332570106,0.4081606403793125
479,7,V1,1.2806935116736449,29.5,0.10279263842741307,0.27664926300987597
480,7,V1,2.306261979886645,27.25,0.3652560811680004,0.5880288660601675
481,7,V1,2.3346889717483665,27.25,0.4160937312977449,0.6303977775365174
482,7,V1,1.528000322793669,30.0,0.28867380446458835,0.515808618128022
483,7,V1,1.660457897303307,30.0,0.2100751307708835,0.431653260579445
484,7,V1,1.829745139815851,30.25,0.3763169692115673,0.5967434398757653
485,7,V1,1.3167718418576015,30.0,0.18554350775569325,0.401849177329997
486,7,V1,1.444430609577172,29.75,0.2878796092311746,0.5153546766331792
487,7,V1,1.3859310613459421,29.0,0.2409550863287173,0.4660650188571225
488,7,V1,1.6289212310258474,25.75,0.2583986288069068,0.4862012992876928
489,7,V1,2.7108455497224293,24.25,0.6475145087007436,0.7976580620332965
490,7,V1,1.2972217709810927,29.5,0.32578904810103126,0.5522139138947311
491,7,V1,2.1218019972083195,26.25,0.2485049461046214,0.4751953544007158
492,7,V1,2.1919279358502712,28.25,0.508689899904315,0.7024123771938678
493,7,V1,1.6557535386806141,29.25,0.2329905625174754,0.45698770618001344
494,7,V1,1.211481199608915,32.75,0.290815284722032,0.5186483860118049
495,7,V1,0.7494904409226277,38.5,0.13112521646452358,0.3269425587221836
496,7,V1,2.284858157122605,27.75,0.34844733624620794,0.5733610058614282
497,7,V1,1.830779132172442,25.75,0.35187556372917705,0.5770411687337516
498,7,V1,1.2115287026903407,28.0,0.24158979678099374,0.4617759296942285
499,7,V1,2.4747718590621006,29.5,0.5899259020464679,0.7602599209126526
500,7,V1,2.4519484461958854,30.25,0.5097903010948704,0.7032091484197878
501,7,V1,1.8649222151825444,29.0,0.4420372180739984,0.6514492374780513
502,7,V1,2.0099966766155886,26.75,0.18130911187616988,0.39534831332546017
503,7,V1,1.0842589418687627,26.5,0.05362491559504476,0.18507135055833307
504,7,V1,1.4912519553470607,25.5,0.1858691349770676,0.40267034232328813
505,7,V1,1.5168053789697264,25.0,0.1723805086574135,0.38680103971960395
506,7,V1,0.9710082010465253,26.5,0.15851525073647574,0.3672304043512394
507,7,V1,1.2081216124825922,27.75,0.2451788352681998,0.4728176577885714
508,7,V1,1.3526644671586407,30.0,0.2584278807504779,0.48642386433703794
509,7,V1,1.2792087972383155,28.75,0.13181430264927627,0.33139199191871777
510,7,V1,1.1216249801727958,23.5,0.08977078052032098,0.2591885051539017
511,7,V1,0.7831284438255102,27.75,0.11558276004754815,0.3034037673797581
512,8,IT,1.172716836736606,78.25,0.565682727015091,0.742483850622706
513,8,IT,1.9495799904645217,82.5,0.5098871279908612,0.7028036603833622
514,8,IT,2.8679446561868236,79.0,0.5657120676130487,0.7424816516129641
515,8,IT,1.0384611268006532,95.25,0.5093639733030597,0.7016267651228741
516,8,IT,1.3687624147600983,58.0,0.36080639133041226,0.5840765784739992
517,8,IT,1.2457006272517124,67.0,0.22749920628576362,0.45416559038061716
518,8,IT,4.265720578480934,71.5,0.3806856040345032,0.6008603809738715
519,8,IT,3.1228312563029057,73.25,0.1975554203870049,0.42088433048747187
520,8,IT,3.3323003957942734,79.25,0.4527442440205438,0.6595399835246548
521,8,IT,4.388209699252776,75.25,0.4968944178343428,0.6928159818255631
522,8,IT,4.568000830255405,75.0,0.5566236697290783,0.7360457176124323
523,8,IT,1.9582977050074855,94.75,0.5382549331035338,0.7231211520579214
524,8,IT,3.9649755832516567,62.5,0.5132169539955449,0.7052724199261605
525,8,IT,4.656440070019897,60.75,0.3188986174615939,0.5457821477942324
526,8,IT,4.259615514968192,62.0,0.19300407733182598,0.4117248591593932
527,8,IT,3.2725210174001274,63.25,0.1736071617660024,0.3925424117878201
528,8,IT,2.8498752025379472,66.25,0.3604965702212619,0.5843973831805644
529,8,IT,2.5831619927094946,74.0,0.26037402070102533,0.4872137601849644
530,8,IT,4.405643237171479,78.0,0.492981676381027,0.6919762403275314
531,8,IT,4.3250682165566054,72.75,0.5075437938347374,0.7006199808031273
532,8,IT,4.153375918728554,70.25,0.5720965942624957,0.7471187326106417
533,8,IT,4.303519004177193,62.75,0.3177161732694737,0.5449374568004625
534,8,IT,4.098742618081657,59.5,0.3442724853942879,0.5702858068661617
535,8,IT,2.931238163562549,56.5,0.15028309279564783,0.3583844488469453
536,8,IT,3.261269789777893,69.5,0.37759859243634347,0.598411325056642
537,8,IT,2.4046834646931323,81.5,0.6573587745538859,0.8036457001564173
538,8,IT,3.5557353619786016,73.75,0.6646609682815736,0.8083580671005637
539,8,IT,3.7111244071602014,64.5,0.36938427063524737,0.5911224416651376
540,8,IT,4.4338591261055935,63.75,0.3895942006566928,0.6094213272054885
541,8,IT,5.2245579498015315,65.25,0.31355245489183436,0.5417210518422316
542,8,IT,2.072311198175344,53.25,0.0904422400681055,0.25890270741479976
543,8,IT,3.3287508482153445,57.75,0.16372144905148214,0.3748943407784309
544,8,IT,5.144528647712287,67.25,0.6371324864670651,0.7905205339342327
545,8,IT,2.9953464930520073,76.25,0.6075567150556576,0.7709971404710346
546,8,IT,3.2005792510507614,64.25,0.6632348776252739,0.8079660653218134
547,8,IT,5.04695989929258,59.5,0.6125857392269477,0.7743278405256456
548,8,IT,4.800034225659473,60.25,0.3235196218635377,0.5517635661469005
549,8,IT,4.253246718451802,65.25,0.26495061751023147,0.4952005524689926
550,8,IT,2.7699725679838525,55.5,0.07143804994800365,0.22387371398437933
551,8,IT,3.7077671686986227,49.25,0.26208909458016993,0.4899170036630538
552,8,IT,3.2763221071668918,73.75,0.42998882265806665,0.6435552438482041
553,8,IT,3.2233866863382796,70.75,0.7447739575964468,0.8582735819359744
554,8,IT,3.294798048803214,63.25,0.5600994807336191,0.7386838540192809
555,8,IT,2.5022897437777165,57.0,0.23520512956005032,0.46083014615876955
556,8,IT,2.634792328810203,62.25,0.08141203756232797,0.24502482285893742
557,8,IT,2.3023271024161236,61.75,0.07188003393815856,0.22600475646483612
558,8,IT,3.322793027979161,57.75,0.16636374608926208,0.3770947452744037
559,8,IT,4.754079215195658,57.75,0.3574542609726727,0.5802863949669184
560,8,IT,4.93609879924403,69.25,0.5601844328155952,0.7386549556145924
561,8,IT,3.44643839369449,72.0,0.6213113015817071,0.7802117167085291
562,8,IT,2.429920378870289,65.75,0.08860931645265384,0.2581332615717428
563,8,IT,2.8470988182302754,61.0,0.10920318554341646,0.2966486527812585
564,8,IT,7.233030821162755,58.0,0.3507893855053943,0.5744529850568978
565,8,IT,7.615612557199301,55.75,0.3987849984528751,0.6159551692193291
566,8,IT,4.180755979900255,62.75,0.29448317053879963,0.5185162086936351
567,8,IT,5.867961832245833,58.0,0.4879427528519143,0.685995960531076
568,8,IT,5.677002783499734,67.5,0.5966321160736497,0.763819226822561
569,8,IT,2.993112525150292,64.5,0.21683068262253105,0.43856168797084194
570,8,IT,2.30252866819351,62.0,0.09195675078867872,0.2623353393441753
571,8,IT,4.40632496821868,61.5,0.32332360374338703,0.5497219295594675
572,8,IT,7.979339349850219,60.75,0.3467271253964921,0.5708697840241175
573,8,IT,8.197637155470703,59.25,0.45379484608588877,0.6608299846567408
574,8,IT,5.284740052515775,64.25,0.5475656600471682,0.7280312976596277
575,8,IT,4.170979638074033,63.5,0.590255914260921,0.7592113996757273
576,9,IT,0.6814011772659393,67.5,0.3277654273585655,0.5535266296827817
577,9,IT,0.9821764068535161,64.75,0.552279079361869,0.7331767115400692
578,9,IT,1.0078649452107524,73.0,0.579193161003448,0.7518592840254794
579,9,IT,1.0717699483585457,90.75,0.7755620993958873,0.8763886406250307
580,9,IT,0.19052984039788423,58.75,0.6225193401278204,0.7813118828278972
581,9,IT,1.3073587228459973,88.5,0.7359609367683366,0.8526796925341554
582,9,IT,1.2882368680462892,93.75,0.5502150866438471,0.7316447811586194
583,9,IT,0.40937357767588123,-16.75,0.6105863811979819,0.7729396474177349
584,9,IT,1.5389045205631335,73.5,0.520468693197664,0.7104111121130291
585,9,IT,1.0915328528154749,82.0,0.5411298783623811,0.7252884541271125
586,9,IT,0.9110861464164767,84.75,0.4195170904449818,0.6333836205514362
587,9,IT,0.5038470487537805,53.5,0.2194890185132744,0.4437605578438209
588,9,IT,0.2732251205150688,85.5,0.31707549581079264,0.5436215671081492
589,9,IT,-0.0072575542612669285,44.5,0.4218984500943615,0.635439884733426
590,9,IT,0.4565978110023983,87.75,0.6272476888940536,0.7841104784288105
591,9,IT,0.8990510068919434,104.0,0.798567183496011,0.8898026719421964
592,9,IT,2.0583002783874456,80.75,0.4069006532082256,0.6225816480524432
593,9,IT,1.03402613328648,80.5,0.1992431575801153,0.4191477967525087
594,9,IT,0.5425132340984514,69.75,0.09649538429470067,0.27171547577896626
595,9,IT,0.8424422103166219,71.25,0.17267411419615591,0.38828278958468354
596,9,IT,0.17312437210582082,31.5,0.08774945859041784,0.25532202095688267
597,9,IT,0.3262237462410975,82.0,0.2959981185852695,0.5242347658159001
598,9,IT,0.2889325989311892,17.75,0.24584547015059607,0.4728273118635987
599,9,IT,0.4646117289492665,65.5,0.7746419996189975,0.8757899426517235
600,9,IT,2.581893199423695,76.75,0.5260546469851335,0.7142509707797615
601,9,IT,1.4639531184907717,77.5,0.274064931733739,0.5013848498979581
602,9,IT,0.5054437537106599,91.0,0.0672065263871255,0.2141731634408331
603,9,IT,0.3793267697043572,108.5,0.04546025816913424,0.1656034164853465
604,9,IT,0.43809910791024353,31.75,0.06205185335603977,0.2060401950702301
605,9,IT,0.4051827883121513,64.0,0.2064822569177384,0.42883335735253336
606,9,IT,0.30007439202556346,73.5,0.0014136819967521183,0.014507474439319564
607,9,IT,0.13361309512043823,0.75,0.4485945636819871,0.656767539922461
608,9,IT,0.22120975068663568,24.75,0.0203232074218189,0.09130428826596783
609,9,IT,0.3422203515680165,23.5,0.023207989157670583,0.09764255826263689
610,9,IT,0.41059889805384353,38.5,0.016468806690184138,0.074481933973726
611,9,IT,0.2970298061471811,25.5,0.04024390708875601,0.1419839632406359
612,9,IT,0.06616167522157704,47.75,0.0327467494513925,0.12336203288585362
613,9,IT,0.3726340628077097,27.25,0.05857408042480257,0.19278546211654757
614,9,IT,0.2775620278729186,17.25,0.0384528077169331,0.1449125072701416
615,9,IT,0.17267541287363508,39.25,0.0389741443335935,0.14622789261304073
616,9,IT,0.6189010745429506,89.0,0.058827641913260904,0.19765076250518943
617,9,IT,0.23361631876129674,-3.0,0.0243741535381714,0.10091209066299257
618,9,IT,0.2617453421303646,8.5,0.014441405816553541,0.06919358963516511
619,9,IT,0.1740342127793551,76.75,0.028056743520651,0.12069095922357631
620,9,IT,0.21720242331587175,0.0,0.037071757958053515,0.13480321668034217
621,9,IT,0.20974749307751042,27.0,0.03853654027695,0.14129088691446792
622,9,IT,0.19575359190246813,24.5,0.016719112727956925,0.0757469725306617
623,9,IT,-0.052074887957887867,31.5,0.0404388157318597,0.1482828939036378
624,9,IT,0.32455040390805556,17.25,0.04119318319212312,0.15150532193679356
625,9,IT,0.2293225186497238,32.75,0.042115954720121286,0.14774055801077643
626,9,IT,0.29861556653168264,15.75,0.039075231594434295,0.1424734326592474
627,9,IT,0.31004930461065394,43.5,0.027839539474284566,0.11626892630121377
628,9,IT,0.8057737437520838,59.75,0.01727025386887821,0.07550832406645255
629,9,IT,0.11454185391362391,86.0,0.026718668011355612,0.11169630639220093
630,9,IT,0.3500128889263315,3.25,0.12582208527499233,0.314544397062029
631,9,IT,0.31336802766237426,-4.25,0.1883316868721987,0.4016008793447519
632,9,IT,0.6010448466897403,76.25,0.04937572379553248,0.17010785958598362
633,9,IT,0.3035106929224306,14.75,0.043948364195529756,0.1586639831994817
634,9,IT,0.24022455704187262,17.25,0.07450161575968717,0.22073968869613847
635,9,IT,0.15404481396682948,39.75,0.08574393987602807,0.2453597768159409
636,9,IT,0.3609614469329669,26.0,0.02815769335226279,0.09763153774898993
637,9,IT,0.8908877687718363,135.5,0.04672308424445405,0.1586084849107735
638,9,IT,0.5617048480689038,11.75,0.10931599976437874,0.2887062185248922
639,9,IT,0.625256583031503,41.25,0.0470959098581604,0.1641424414025821
640,10,IT,0.06902556624848304,43.0,-0.0002386190808211072,-0.0015886763024087766
641,10,IT,-0.0012730913017007517,-8.5,-0.0022465544781373912,-0.0006627553945076988
642,10,IT,-0.014002111167099028,-27.75,-0.005903054089408828,-0.024464940650040044
643,10,IT,0.046920856067089844,-11.75,0.011461222269832132,0.05394749632879299
644,10,IT,2.1265867918699275,90.0,0.6712287855133785,0.8126681624222354
645,10,IT,2.597119712597131,69.0,0.6495520550400238,0.7986202202523477
646,10,IT,0.41158950170592107,73.5,0.49942373807820223,0.6953455658647285
647,10,IT,0.009158331662631138,17.25,-0.0005458355265439939,-0.003689666248440739
648,10,IT,0.01850080037248812,4.25,-0.0015082218089554967,-0.002399143356753523
649,10,IT,0.059014856484914446,-11.5,-0.00811605873672288,-0.05082509476922947
650,10,IT,0.07437644394431953,11.5,0.016038983813213652,0.07100470601579396
651,10,IT,1.7782705989662397,77.75,0.3177545743076271,0.5508610366610822
652,10,IT,2.701683729472774,69.75,0.5850190019123823,0.7557548382733298
653,10,IT,1.99144462427228,61.0,0.31381082076535405,0.5435149121794823
654,10,IT,11.359930649170085,76.0,0.5604114038545874,0.7388333364522516
655,10,IT,0.03367785635666054,-41.0,-6.457189743334551e-05,0.00024472219080408917
656,10,IT,3.135672395769073,69.25,0.444856930747755,0.6533453841092148
657,10,IT,0.005453448985892479,-10.5,0.0011539458768175077,0.009860454011443427
658,10,IT,0.4352133665819799,104.25,0.08693049975533008,0.24174668119102036
659,10,IT,0.5834441902463764,6.5,0.15207965489989797,0.36604418780272036
660,10,IT,1.430397935145339,117.0,0.5004749526476137,0.6960841259393822
661,10,IT,2.462472165074305,65.25,0.4002679552908321,0.6170147260782014
662,10,IT,1.6473347222579617,67.25,0.17754921514059976,0.3914619167600817
663,10,IT,1.3547017668540866,71.75,0.18837917804773652,0.40469090199466967
664,10,IT,0.011624864738331296,11.25,0.010708681773440334,0.05718460567629414
665,10,IT,0.5836311084092847,62.75,0.14370043951490474,0.3430743612987491
666,10,IT,1.699376092552228,89.0,0.4247036949110496,0.6371076108783941
667,10,IT,2.266264486919,96.25,0.6424323495198799,0.7940496857487882
668,10,IT,1.443346945842922,78.0,0.29568227397702085,0.5287933951326454
669,10,IT,1.2637592047725763,76.0,0.08733746920200831,0.25238070398410584
670,10,IT,1.3928714246746163,64.0,0.12631350315163883,0.3225380107529038
671,10,IT,1.314745118003064,72.0,0.2275234268906395,0.45083866099176606
672,10,IT,1.0323838725003966,75.25,0.2961664853861214,0.523552404933259
673,10,IT,1.4371316777351808,80.25,0.43963116087218845,0.6491006492892243
674,10,IT,1.099432965503678,98.25,0.6085946437319149,0.7721245199693944
675,10,IT,0.7365326586380577,104.0,0.37548042561926914,0.5892797226826525
676,10,IT,0.9290773927741166,75.75,0.061601421206963776,0.1978322947666155
677,10,IT,0.9330713932556075,76.0,0.056052216874461686,0.1859103680034753
678,10,IT,1.2748255213727178,82.0,0.1169970910632708,0.3063845818998939
679,10,IT,1.1877845278155101,81.75,0.102636258632571,0.2814567576763407
680,10,IT,3.4207718085649605,68.5,0.6575687913422932,0.8038224390758438
681,10,IT,2.3657078821127238,72.5,0.4939663575066032,0.6919738504504661
682,10,IT,1.8106675828650727,56.5,0.38852453788601876,0.6146351780656379
683,10,IT,1.0306709566693233,69.0,0.08441958334320895,0.2497577471765137
684,10,IT,0.838914345157957,64.0,0.044885482342558784,0.16234782601249942
685,10,IT,1.1827464142416582,75.0,0.07808967395271424,0.232890414261238
686,10,IT,4.418033223841324,83.0,0.44498052044521014,0.6535740046258985
687,10,IT,2.599320779547835,81.75,0.2675257306855113,0.49840789061292257
688,10,IT,1.4160400238633093,53.75,0.4698100378672932,0.6804795207028005
689,10,IT,1.8131365176293601,74.5,0.45727561128004507,0.6626586759249196
690,10,IT,0.6545289088062203,42.5,0.13648394978568748,0.33004929453610177
691,10,IT,1.3181487457824608,70.0,0.15804942455654167,0.36668580175839005
692,10,IT,1.0169610933295523,77.0,0.09887919993695159,0.27267149574542576
693,10,IT,1.0655756923477724,78.75,0.10946954604831602,0.2910409008976561
694,10,IT,3.0600374278232945,71.25,0.17413001208225187,0.38546860975486014
695,10,IT,4.050192500946433,72.75,0.41057710718968066,0.634337286417646
696,10,IT,1.9441641479312495,77.25,0.6688870997880112,0.8110868060486196
697,10,IT,0.7981949494470628,92.0,0.3514326884361787,0.5749923846460175
698,10,IT,0.9761804194547858,101.0,0.25060916252243726,0.47895105857269427
699,10,IT,0.7195705118988152,98.75,0.12181094425926205,0.312093175213161
700,10,IT,1.0065656349931302,77.5,0.10917462137635067,0.29108533236159534
701,10,IT,1.0362109263512735,77.5,0.10739183520092373,0.2869085097629937
702,10,IT,1.63038465290219,73.25,0.3964103604052447,0.6165315653712419
703,10,IT,4.646638754961259,62.0,0.6766612538707043,0.815912172260726
704,11,IT,0.7200107704090598,58.75,0.20952189257961926,0.42566092048461635
705,11,IT,0.594906189093612,72.0,0.34568372620143484,0.5698261342792491
706,11,IT,0.5441952540692139,83.0,0.10165943606537961,0.29388542224514524
707,11,IT,1.6243198091629654,78.5,0.44037915250501714,0.635927129582344
708,11,IT,0.9623513607004335,88.5,0.43491070554748334,0.6168875203262368
709,11,IT,0.8033172710829923,65.0,0.07520499315236197,0.2520966184557483
710,11,IT,1.7999946627263264,47.25,0.05779632617495932,0.2231306978181373
711,11,IT,4.759764749619329,71.25,0.7706449447791549,0.8734062546719347
712,11,IT,0.7836022088985324,39.5,0.1923913250334978,0.4176606777596791
713,11,IT,0.865064149189479,54.5,0.22079293793649693,0.45077746420506054
714,11,IT,0.859984544973261,81.5,0.22190457757240414,0.44503577003935996
715,11,IT,1.4254314854001626,79.25,0.3826627646254631,0.602295701946232
716,11,IT,0.9101451632048466,69.25,0.13814646152314147,0.33852637669778385
717,11,IT,2.263208667684231,83.75,0.6193395778763038,0.7788811914410992
718,11,IT,4.446445511955097,78.25,0.6259846783081945,0.7831904860971518
719,11,IT,5.451707866947329,71.5,0.8228356041709413,0.9038130903445487
720,11,IT,0.9367915528233868,77.25,0.4885292734992967,0.6868062231806012
721,11,IT,1.4980351357483626,89.0,0.5416562235821423,0.7255672888047197
722,11,IT,0.9774636473642484,59.25,0.20974376647700224,0.437593210627721
723,11,IT,1.4219265710804683,79.5,0.248445842154767,0.4457101375406733
724,11,IT,1.5482319874856436,79.25,0.28028459383499416,0.5074369794825799
725,11,IT,1.5353611750692966,82.0,0.24610559366576554,0.47270197371666367
726,11,IT,4.233794098741089,78.25,0.6048428907947719,0.7692186239111923
727,11,IT,5.0847599213547285,74.5,0.5595510994947491,0.7336509380696872
728,11,IT,1.1442962651553836,78.25,0.29346645732182935,0.5207337208004743
729,11,IT,1.1269430019842415,86.5,0.5339785733758863,0.7200831740421971
730,11,IT,1.5746935230633539,78.5,0.36412687554737816,0.5862603196784624
731,11,IT,0.36267133129213136,46.25,0.009109860436066429,0.033875572939238825
732,11,IT,0.9989739755853941,80.25,0.13778343785749506,0.3399620322560668
733,11,IT,1.71347510377149,74.0,0.32628694260129343,0.5523172672886936
734,11,IT,3.692289962441496,78.0,0.5608956449436511,0.7392218977228133
735,11,IT,2.1780577966308625,83.25,0.48899710965205795,0.6871343699305446
736,11,IT,0.4313760503695176,72.25,0.19414735222915439,0.4192594367000159
737,11,IT,1.1586617795201126,67.5,0.3751676346216004,0.5958896244786409
738,11,IT,1.720081339397601,77.0,0.3281154615048464,0.5538915975476291
739,11,IT,1.0792445612525252,78.5,0.10816616368672761,0.2935522496759294
740,11,IT,0.9127486187787869,79.25,0.08103620059273148,0.24338320262809693
741,11,IT,0.8624742851957833,64.25,0.09593127185740304,0.2698940427185228
742,11,IT,2.309568668537918,65.25,0.3471412491306155,0.5772698948645638
743,11,IT,2.098205533048895,77.25,0.34044846460686395,0.565155731447518
744,11,IT,1.6796150468811613,77.5,0.6120760526658756,0.7740298862038182
745,11,IT,1.5541166397201254,73.0,0.5058328341238343,0.6997644482718619
746,11,IT,1.2936250126016327,73.5,0.21393802904167347,0.43719257314499604
747,11,IT,1.3597790105259178,62.0,0.14419223413768673,0.346529061584708
748,11,IT,0.6206753976086916,51.75,0.024296962071674026,0.10396501319888476
749,11,IT,0.7172275686504541,78.25,0.0557214193283708,0.15611953162474768
750,11,IT,2.8223864541738735,75.5,0.36916992825496714,0.5904696701654524
751,11,IT,2.4951319470181246,75.0,0.46280348362229545,0.6671971835467224
752,11,IT,1.752567682088152,59.0,0.6200343915333285,0.7793410771759134
753,11,IT,1.6906344539763172,63.75,0.5289306337155654,0.7165872520321046
754,11,IT,1.6012934297792805,75.5,0.18552814199519632,0.4034313582585078
755,11,IT,1.136387155064277,80.0,0.13022823525026994,0.302640181165378
756,11,IT,1.219406059811639,69.5,0.14100516526301304,0.3407231034968689
757,11,IT,0.9812466733337383,40.0,0.09878185059724526,0.2699212758221687
758,11,IT,1.0796399195472142,75.5,0.1120093907998312,0.2972814452702091
759,11,IT,1.0923312231534106,76.0,0.12411858998574216,0.3172830837931465
760,11,IT,0.26514429676059154,77.5,0.034955982669939635,0.1362240218605952
761,11,IT,0.6069934206118308,59.5,0.03985899731576229,0.15920215673737328
762,11,IT,0.7845957758952551,47.5,0.0832044449291345,0.2472826895054452
763,11,IT,1.4504311659401734,77.25,0.20938502619983118,0.43103845847516487
764,11,IT,1.4980027652638288,76.0,0.19097551928256348,0.40931083478589164
765,11,IT,1.230679989344487,56.25,0.08887214498985373,0.26104891397640445
766,11,IT,0.47080393531279874,41.75,0.009460088532162401,0.04788870419483427
767,11,IT,0.22816472647292554,39.5,0.0005716813298015689,0.0034044237902599913
768,12,IT,0.7268446273715389,98.5,0.5157684326500825,0.7069670843990591
769,12,IT,0.2833179143415479,119.0,0.49733090914687894,0.6934657572383496
770,12,IT,1.7220600285151764,71.25,0.49260635561578675,0.6900389918411249
771,12,IT,1.7651432441411556,75.75,0.5383981158903898,0.7234269230945345
772,12,IT,2.1999671376445686,72.0,0.4874563173485506,0.6864144289530916
773,12,IT,1.3471164662563382,68.75,0.20666988046417378,0.4279221157269028
774,12,IT,1.5099827643483963,71.0,0.24445599780453175,0.4763861467895781
775,12,IT,1.779519914335015,54.75,0.27092863443282245,0.5044405658602857
776,12,IT,1.482375898456095,70.25,0.5696409896325336,0.745235519259858
777,12,IT,1.78726190602906,62.75,0.4671311260389237,0.670293019069297
778,12,IT,2.5892032189220253,64.5,0.6722430503333201,0.8132552473299277
779,12,IT,3.0119775383027707,66.25,0.7667058468335128,0.8711417293669967
780,12,IT,0.40135959598225296,42.5,0.03565074642923256,0.1360193943716281
781,12,IT,1.1782914676108551,66.0,0.1882350658876941,0.4092100072247859
782,12,IT,1.7789930291039013,70.0,0.28184569560961026,0.5098817655153395
783,12,IT,5.245115540604242,56.5,0.5412511102716101,0.7252287887319766
784,12,IT,1.5072959488091688,66.25,0.3516741368763666,0.5825829295351956
785,12,IT,2.1073259155876096,62.25,0.4612999270457812,0.6660324151376595
786,12,IT,2.4968725796835773,63.0,0.4672290516738218,0.6707657778373579
787,12,IT,3.5247501103468304,66.0,0.5686554735816559,0.7448095835171044
788,12,IT,2.283771702680273,61.5,0.22254102355291208,0.44801370208693225
789,12,IT,0.5280044240489101,43.5,0.05691991277542858,0.19082954434921895
790,12,IT,0.8613488789400908,40.75,0.18044504830394892,0.3907212236381313
791,12,IT,2.193299480622944,51.0,0.7054537520290921,0.833908920648858
792,12,IT,1.6162809255110897,44.25,0.39516194723811554,0.6197595910754593
793,12,IT,1.0310409084484706,61.0,0.10452886206988925,0.2913909205539868
794,12,IT,2.741368499960147,61.75,0.4532301967904066,0.6637704222901295
795,12,IT,3.1935021313092533,56.25,0.5646568366300208,0.7425925670514135
796,12,IT,1.4103298512587776,51.75,0.2363531806365964,0.4615434813643993
797,12,IT,0.6290652033184801,30.0,0.1287738409592957,0.3250158015923043
798,12,IT,1.2880921202904798,32.0,0.32587862585471533,0.5512498523950422
799,12,IT,1.8588441859647327,47.75,0.6761759965507091,0.8156883013813795
800,12,IT,1.698862762586628,43.5,0.2558231673780308,0.4889649681820225
801,12,IT,2.2462167278986476,56.5,0.295667495677707,0.5231853729192305
802,12,IT,3.5425909402715527,58.0,0.45546476733328545,0.6615402865894204
803,12,IT,0.4041801531103535,39.0,0.010812942918037624,0.050278586063978385
804,12,IT,0.8732789571113997,71.75,0.39415763656203306,0.612172298847542
805,12,IT,0.5314676729882873,44.75,0.22955720243927952,0.453692948349314
806,12,IT,2.0391997127647317,60.5,0.5469895801938057,0.7292000063134503
807,12,IT,2.843940834116294,61.0,0.7018442249660761,0.8317409840174531
808,12,IT,3.0954557896785184,54.25,0.5271050256768682,0.7151537032842259
809,12,IT,3.2802436304658893,58.75,0.4181204234680848,0.6319648771217283
810,12,IT,4.203528937722555,59.0,0.44441176596301907,0.6529673421849348
811,12,IT,2.831154933582093,58.75,0.135719684992731,0.3379478499607308
812,12,IT,1.4998781782261936,48.5,0.12149097745054001,0.3170517880441392
813,12,IT,3.758278321174719,50.75,0.6780493141001472,0.8165996076769145
814,12,IT,2.1438187815916976,67.25,0.5460463906329223,0.7286576347871775
815,12,IT,3.0548864223028067,60.0,0.3309935915659449,0.5596568984640468
816,12,IT,1.3780704815526539,34.75,0.04144848387763076,0.17322813404644516
817,12,IT,3.0550536819463865,44.25,0.32984610928868646,0.5626634870615885
818,12,IT,0.9601933570916426,36.0,0.05277857384097408,0.18103572216201072
819,12,IT,2.853615103407715,48.75,0.28927269292032204,0.4781099575584324
820,12,IT,3.1346506208042277,48.5,0.4585499566411812,0.6642745749953506
821,12,IT,1.6775335129233735,37.75,0.10538709838375447,0.29941408001082803
822,12,IT,3.060612981787135,51.5,0.7088842452786759,0.836019222971135
823,12,IT,4.53831345279751,59.5,0.5976344277370368,0.7640773382065645
824,12,IT,4.1758829974949325,47.25,0.5705223788375934,0.745772351617065
825,12,IT,4.337245866660189,50.0,0.393070321778434,0.6111858985056499
826,12,IT,4.538280101114754,49.25,0.35582203124983125,0.5788875541172704
827,12,IT,3.796197855358841,46.75,0.282321752042153,0.509575008053293
828,12,IT,4.094559624791934,44.25,0.4950961268188331,0.6917659833470898
829,12,IT,4.303664256963485,50.5,0.6098338769749692,0.7724636765157362
830,12,IT,3.1435850753635095,55.0,0.7028388537527218,0.8317074923762559
831,12,IT,4.647989030364096,54.75,0.6200762878140735,0.7784453615160881
832,13,V4,0.38307324322688197,18.25,0.008669332171858,0.04620014269160445
833,13,V4,0.7434706666445152,33.75,0.09756042791749518,0.27280660240042304
834,13,V4,0.6542074995982999,31.25,0.05656836600592409,0.1909030542025866
835,13,V4,0.658437483868237,20.75,0.049406870085151613,0.14375572102645265
836,13,V4,0.5819412280971099,57.25,0.013078521449526178,0.06426812532051825
837,13,V4,0.6410903267742497,15.75,0.02484781696420145,0.10592242508278518
838,13,V4,0.6185294952934195,40.0,0.032163702522038325,0.07294059891367616
839,13,V4,0.6893780886873018,63.25,0.03643266154189606,0.14007905343161095
840,13,V4,0.3117188690951259,18.75,0.014465144986176607,0.06825561931725328
841,13,V4,0.5205322623191267,28.75,0.021520170050268468,0.0942210615587613
842,13,V4,0.647498617629533,32.5,0.03099346508590142,0.12328493523363335
843,13,V4,0.7601087144059171,38.75,0.044031714745181354,0.16012961036481557
844,13,V4,0.8787071715296099,22.5,0.07106476070378044,0.22242060280675266
845,13,V4,0.7980976440448613,22.75,0.07681349052985152,0.23343151198914977
846,13,V4,0.7242374496939851,17.75,0.046584508805666905,0.1665027077185424
847,13,V4,0.653485361121768,20.5,0.0446718686977004,0.16218604229475306
848,13,V4,0.30332648277814167,25.5,0.012944888975729308,0.06228312722965271
849,13,V4,0.41584525794546734,35.75,0.004301034058893267,0.024599534733203973
850,13,V4,0.5134408407730241,32.75,0.010125388508719347,0.047805053660122894
851,13,V4,0.625871999362374,37.25,0.0249228482028097,0.10434134674295992
852,13,V4,0.4059022514744768,37.5,0.02351116861388449,0.04758684093490675
853,13,V4,0.7089105420152216,32.5,0.045819744018317204,0.16372197274599884
854,13,V4,0.5174424939542571,19.0,0.020100805742664915,0.08756099635481966
855,13,V4,0.6051437265787499,30.25,0.014037446935551196,0.06370431988098772
856,13,V4,0.33706969237056034,16.25,0.02291749664171612,0.09660030712212307
857,13,V4,0.598953609888094,26.5,0.06193092957927748,0.20228607484629668
858,13,V4,0.8141699317748297,58.75,0.12078714503071865,0.312109248741475
859,13,V4,0.5301846695561925,56.5,0.05247640606650461,0.1840123365789914
860,13,V4,1.0439622129200807,72.5,0.13074760148159592,0.3267891567555411
861,13,V4,0.8513962127479223,75.5,0.05704436046851079,0.19078294866811943
862,13,V4,0.9040159565900582,51.5,0.10543444850367406,0.28620544993219166
863,13,V4,0.43688280912917987,22.75,0.03840556370292388,0.13869636222101187
864,13,V4,0.29886574081078676,23.0,0.017974112699326767,0.0795654801474991
865,13,V4,0.7451962791587816,103.5,0.2762351542633657,0.5037251541492255
866,13,V4,0.8621235629304587,77.0,0.28275144928453216,0.5143375686435462
867,13,V4,0.8099758475225095,79.75,0.09735083928829817,0.27550279677764233
868,13,V4,1.0083156911790998,74.25,0.2492876424639029,0.47657149411109384
869,13,V4,0.25303248201631395,28.75,0.008541705767987065,0.04281088064753712
870,13,V4,0.4437576230171215,44.5,0.018645676168147923,0.0823212850639778
871,13,V4,0.5840532505334252,47.25,0.08215937450356765,0.24476291606744793
872,13,V4,0.4131956025101574,48.5,0.05601843316454221,0.1905375584063136
873,13,V4,0.9100045153231631,104.0,0.4233470613616852,0.6352183282799717
874,13,V4,0.9293137106240907,83.25,0.240570235371487,0.4738502429002826
875,13,V4,2.421703537667058,65.25,0.8002372355226066,0.8907851846701558
876,13,V4,1.4771838774545298,80.75,0.6635979350385819,0.8074698349787135
877,13,V4,1.1315401471593036,105.75,0.6812852140393427,0.8189226186492563
878,13,V4,0.1417803027338181,60.75,0.1578797438241849,0.36553519364353915
879,13,V4,0.6124816101649464,87.25,0.05502440100314244,0.18730928889517343
880,13,V4,0.3984951470318053,45.5,0.04945791430517541,0.17385289613787913
881,13,V4,0.9842288553105806,101.75,0.3838152416330865,0.6040964760246581
882,13,V4,1.3227467989368202,99.5,0.34249562413295964,0.5684444154877484
883,13,V4,2.1986547293672736,86.5,0.5465246391712971,0.7296167751560875
884,13,V4,1.410796246913304,102.0,0.7137118601761345,0.8390911441744351
885,13,V4,1.0634560497650858,109.75,0.6791244313965709,0.8175329701539749
886,13,V4,1.125645676149993,97.25,0.6946053066422643,0.8272534321598378
887,13,V4,0.4461094727272735,57.25,0.5294166917661521,0.7169126256941827
888,13,V4,0.3518895617854768,40.0,0.028116165883927714,0.11442673960593457
889,13,V4,0.7731929016296951,96.5,0.245931024397899,0.47493170465218004
890,13,V4,1.6148686182167902,87.0,0.635009220697402,0.7891678524265273
891,13,V4,1.7780735682046163,86.25,0.6485750839102261,0.7980151205434639
892,13,V4,0.9274847600621889,101.0,0.45600372426062863,0.661717975675726
893,13,V4,0.833467789905211,124.5,0.644480342963298,0.7953578773088277
894,13,V4,0.6403768908464023,128.0,0.5115603118024729,0.7037646330604503
895,13,V4,1.1077219448939442,67.5,0.5381271239264175,0.7230132662972338
896,14,V4,7.258745958029814,63.75,0.8070188613245248,0.8946394291351331
897,14,V4,4.818948176890071,68.25,0.6821342879982357,0.819305243000036
898,14,V4,4.298822530430469,70.25,0.7745107499908548,0.8757057709558567
899,14,V4,4.046887904975242,69.75,0.7393604162150392,0.8547685669031239
900,14,V4,3.565067420333496,65.0,0.7440185134683229,0.8575530852937036
901,14,V4,3.69874533359489,58.5,0.7961392126576511,0.8883382910864738
902,14,V4,3.471904868554225,43.5,0.8319104622402204,0.9089443139379867
903,14,V4,2.7901167971712093,64.25,0.6900791869342414,0.8243827137018476
904,14,V4,6.765054768240315,55.75,0.8290843492295069,0.9073063235037573
905,14,V4,8.114470885912215,52.0,0.7775608341648994,0.8775621621008202
906,14,V4,6.8366414261218775,59.0,0.6741207055543385,0.8143029255740861
907,14,V4,3.964978221197443,69.5,0.7155327101608515,0.840107112994027
908,14,V4,4.508268716987814,63.75,0.6140586883086141,0.7750677949505405
909,14,V4,4.93400766219402,51.5,0.6841706690322986,0.82069117257602
910,14,V4,4.612236188325844,50.25,0.7623032411540395,0.8684943554180157
911,14,V4,2.439725679892343,68.25,0.5651941091184818,0.7421819642485913
912,14,V4,7.868133433022369,43.75,0.7601836078771538,0.8671881284309462
913,14,V4,5.136684664771235,33.0,0.8056224479810624,0.8939526179254014
914,14,V4,5.269818821734914,39.5,0.7739976534068035,0.8754140139077926
915,14,V4,2.0466208362952454,69.75,0.3563199306764961,0.5775940371223308
916,14,V4,1.756983166328577,68.5,0.30111632641378067,0.5283765318556687
917,14,V4,2.9822564648921692,47.0,0.36022789132703764,0.5872361955891263
918,14,V4,3.547789275750748,45.5,0.6658283341805245,0.8090631739443459
919,14,V4,2.5306584652491932,66.75,0.35948118542231317,0.5823172036579229
920,14,V4,2.182351208599666,41.0,0.1823083853002556,0.4010956889881052
921,14,V4,2.0200600893309173,38.5,0.17613784763458026,0.3916856877041694
922,14,V4,3.1042312897066147,34.0,0.567364125694076,0.7437507670925327
923,14,V4,7.081440548257098,46.0,0.7278118643031534,0.8477807968549197
924,14,V4,1.7367493275403403,61.5,0.2012164687024774,0.4155866259291667
925,14,V4,5.698481229143934,63.75,0.5661969199718935,0.742786226505049
926,14,V4,2.215317199384079,50.75,0.23110376777562894,0.4553891778199131
927,14,V4,2.9027129449496787,58.25,0.4733370126970762,0.6752697052803174
928,14,V4,3.3219061536942847,32.5,0.22321549951255307,0.4486036481220543
929,14,V4,1.9756250873423404,33.5,0.08854248394880765,0.2567102851027311
930,14,V4,3.2527490035185713,48.0,0.3993784208938509,0.6163510716398417
931,14,V4,5.692555584392537,46.75,0.6872662648193303,0.8226790873465025
932,14,V4,3.6418892346473877,54.5,0.31895442135446606,0.5517320099024886
933,14,V4,5.0144256090750945,57.25,0.5012370669008314,0.6963978704541233
934,14,V4,4.551670432719409,61.5,0.4221905452684103,0.6354082971551097
935,14,V4,5.474900051798642,61.25,0.5026099940762008,0.697280266923727
936,14,V4,10.040534103708588,29.0,0.7896324625236041,0.8845974737027761
937,14,V4,14.297003996685094,33.75,0.7792159578044766,0.878450903227781
938,14,V4,1.563283333060177,38.5,0.12052378238925962,0.3051157029389178
939,14,V4,2.640684274083715,40.5,0.2183505854501318,0.4442651110283643
940,14,V4,4.771728505678199,49.25,0.463481030203103,0.667707610915673
941,14,V4,3.8349187459767107,56.75,0.34511629825888845,0.5694617406561581
942,14,V4,1.5406570900395016,38.25,0.09607197141205479,0.27111715538062126
943,14,V4,3.5873111292497635,45.75,0.33956860917505777,0.5644183710541687
944,14,V4,5.067771616399874,44.0,0.8853481271613417,0.9388538759852475
945,14,V4,3.404543795480932,42.25,0.8132842632449829,0.8982407012452368
946,14,V4,2.9376535279283926,38.0,0.530618030492779,0.7170514588132939
947,14,V4,5.135713080086659,45.0,0.6324752191787208,0.7877392719727287
948,14,V4,2.7298921515915926,36.0,0.29522234638196765,0.5224117831375886
949,14,V4,2.8733159879283936,35.25,0.22337224886377244,0.44856438158198647
950,14,V4,4.764674435268282,46.25,0.5064537549373972,0.7000939279406142
951,14,V4,4.398039113225019,39.25,0.40855065498671916,0.6299702074946318
952,14,V4,3.3539005551840546,54.25,0.7990508993776774,0.8900326171207752
953,14,V4,2.54219955493068,68.75,0.561512923750988,0.7392535922924829
954,14,V4,1.8752056986773422,62.75,0.7284767995094902,0.8481571940387916
955,14,V4,2.8209171055545497,45.25,0.8549047988582194,0.9219418807773969
956,14,V4,3.1105751806023,29.75,0.7050802509004779,0.8337488625698473
957,14,V4,5.440434256216202,31.75,0.692206036387171,0.8257412276219103
958,14,V4,4.390424634202324,39.0,0.4930378746306808,0.6906523310231605
959,14,V4,4.2602659207874245,35.0,0.49527918398509135,0.6921834844383756
960,15,V4,0.33211307125876854,23.75,0.007129816520095321,0.037087099554342105
961,15,V4,0.1754201746301895,24.75,0.003429138020315693,0.019306281612753988
962,15,V4,0.30973066429323215,32.0,0.00761329168797946,0.035943699515610154
963,15,V4,0.8170724138816245,28.5,0.046006151028412434,0.16746304440484938
964,15,V4,1.638387603712136,31.0,0.24003560257406736,0.465549902250299
965,15,V4,0.7084971446699344,33.0,0.035097719725892144,0.1355843998705508
966,15,V4,0.6350155184215753,29.5,0.047456328642050793,0.16866397033382163
967,15,V4,2.834388585088928,34.0,0.42857900198754706,0.640849794806014
968,15,V4,0.1225836231954367,32.5,0.005217869312493611,0.024629518463318383
969,15,V4,0.2037616702273758,40.25,-0.00527535138340011,-0.02820190547771435
970,15,V4,2.250288009923005,48.5,0.40811495389214714,0.6235253164429075
971,15,V4,2.5288225590291056,54.25,0.6079615670679207,0.7713337159210207
972,15,V4,2.557629198885346,43.25,0.6121110896653861,0.7735901652542656
973,15,V4,3.4252080502781475,32.75,0.6565994686002232,0.8032890968827573
974,15,V4,3.768468864955777,31.25,0.5552272835948644,0.7353711606641641
975,15,V4,2.1550344143034663,31.5,0.2580798059961082,0.4855573567767421
976,15,V4,0.29628391211239163,28.5,-0.0027340400042377444,-0.01428451671971622
977,15,V4,3.320728288240483,93.5,0.31583845448673986,0.5458672700095593
978,15,V4,2.787233013357463,70.0,0.5310851932248536,0.7183346439935139
979,15,V4,3.3673376560475976,46.5,0.6316422457745607,0.7868094827213199
980,15,V4,1.4508256498488539,40.0,0.5034891665350869,0.697992893140256
981,15,V4,2.203702456661791,28.5,0.6657628286386286,0.8089441310719839
982,15,V4,5.297306733069314,28.5,0.7669283207017233,0.8712774490291545
983,15,V4,7.2044207905916515,29.0,0.7952199887212366,0.887838383160952
984,15,V4,0.824034994630781,64.25,0.014784947864890152,0.0689274566510639
985,15,V4,3.4759213617317037,85.75,0.4965016517708097,0.6925069926510289
986,15,V4,3.8565090272666946,78.25,0.6185668592870711,0.7783060688636573
987,15,V4,2.923656422688464,53.75,0.7352917682997911,0.8523464838458097
988,15,V4,2.787515173031656,31.5,0.7256090683015765,0.846583022190658
989,15,V4,3.0803257976112333,25.5,0.599751081397955,0.7655006487769069
990,15,V4,3.7318692157466735,28.75,0.8859248274436176,0.9391645856280617
991,15,V4,4.5109660563514495,26.25,0.8596571247895524,0.9245766559757482
992,15,V4,1.4348337941850795,81.5,0.12351552636123804,0.3087616119693914
993,15,V4,2.3618988283433495,94.25,0.2435326253477719,0.469454070352052
994,15,V4,2.8200635599653805,50.75,0.6262771795848653,0.7866662741527372
995,15,V4,3.131520963212367,56.75,0.826017322695968,0.9055923768550279
996,15,V4,2.86305609464659,30.5,0.6978073354669087,0.8294753025644792
997,15,V4,3.4570526964500545,24.75,0.6926513234363084,0.8260968429167536
998,15,V4,3.543739835131915,26.5,0.8844372822266349,0.93834748849563
999,15,V4,2.938395466049843,30.0,0.7134568952652279,0.8388778902651023
1000,15,V4,0.9064775132706441,24.0,0.038115714245789835,0.14448856331879717
1001,15,V4,1.6752018700580447,65.0,0.31884997903390744,0.5481406461829863
1002,15,V4,2.777280893564726,45.25,0.8408343542089537,0.9139778676406373
1003,15,V4,2.689619230990308,51.0,0.8477208933285932,0.9178686406754655
1004,15,V4,3.2916736145508985,36.25,0.6613818118908441,0.8065855287457454
1005,15,V4,3.3707510634226265,36.5,0.6836342129814644,0.8206678927049162
1006,15,V4,4.613130320441588,35.5,0.8428934284999725,0.9151668321973926
1007,15,V4,4.20433773076229,27.75,0.8241620878966867,0.904528915175348
1008,15,V4,0.3081456673385019,21.25,0.007098619983349745,0.03885429267376429
1009,15,V4,3.1216753318017556,63.75,0.552684129022038,0.7339330111033137
1010,15,V4,2.0181545209471325,77.0,0.46627793879225293,0.6696313756888836
1011,15,V4,3.915304173424035,32.25,0.830616643413164,0.9081820926331783
1012,15,V4,3.795269370876304,31.0,0.8297839741239739,0.9077057857612559
1013,15,V4,3.4466240457238193,36.25,0.7584610442802254,0.8663348569621964
1014,15,V4,2.9824311095763583,34.75,0.7630304073002356,0.8688699300187359
1015,15,V4,3.959554783696148,32.5,0.8374638503550372,0.912083821277165
1016,15,V4,0.6755435904472067,26.75,0.032723966464395925,0.12878498892020146
1017,15,V4,2.619810406005368,78.5,0.6655672946677594,0.8088711961956868
1018,15,V4,2.1492496647180896,81.0,0.5061936978131815,0.7007069212870942
1019,15,V4,4.069611687215461,31.0,0.8234871322971968,0.9040773960237196
1020,15,V4,3.8770155896793908,30.5,0.8441010672498481,0.9158280466768247
1021,15,V4,3.590073838868309,31.25,0.8330957544963818,0.9096055962839616
1022,15,V4,4.344572988721284,39.75,0.7750760113088934,0.87601427147596
1023,15,V4,5.187567060415441,29.75,0.781108418473693,0.879579953957071
